{
  
  "tolerances": { "model_tolerance": 0.001 },
  "version_number": 1,
  "breps": [
    {
      "brep_id": 1,
      "faces": [
        {
          "brep_id": 2,
          "swapped_surface_normal": false,
          "surface": {
            "is_trimmed": true,
            "is_rational": false,
            "degrees": [ 2, 2 ],
            "knot_vectors": [
              [ 0, 0, 1, 2, 3, 4, 5, 6, 7, 8, 9, 10, 11, 12, 13, 14, 15, 16, 17, 18, 19, 20, 20 ],
              [ 0, 0, 1, 2, 2 ]
            ],
            "control_points": [
              [
                1,
                [ 0, 2, 0, 1 ]
              ],
              [
                2,
                [ 0.5, 2.0000000000000004, 0, 1 ]
              ],
              [
                3,
                [ 1.5000000000000002, 2, 0, 1 ]
              ],
              [
                4,
                [ 2.5000000000000004, 2, 0, 1 ]
              ],
              [
                5,
                [ 3.5000000000000009, 2, 0, 1 ]
              ],
              [
                6,
                [ 4.5, 2, 0, 1 ]
              ],
              [
                7,
                [ 5.4999999999999991, 2, 0, 1 ]
              ],
              [
                8,
                [ 6.5000000000000009, 2, 0, 1 ]
              ],
              [
                9,
                [ 7.4999999999999982, 1.9999999999999998, 0, 1 ]
              ],
              [
                10,
                [ 8.5, 1.9999999999999998, 0, 1 ]
              ],
              [
                11,
                [ 9.5, 2, 0, 1 ]
              ],
              [
                12,
                [ 10.5, 2, 0, 1 ]
              ],
              [
                13,
                [ 11.5, 2, 0, 1 ]
              ],
              [
                14,
                [ 12.5, 2, 0, 1 ]
              ],
              [
                15,
                [ 13.499999999999998, 2, 0, 1 ]
              ],
              [
                16,
                [ 14.500000000000005, 2, 0, 1 ]
              ],
              [
                17,
                [ 15.5, 2, 0, 1 ]
              ],
              [
                18,
                [ 16.5, 2, 0, 1 ]
              ],
              [
                19,
                [ 17.5, 2, 0, 1 ]
              ],
              [
                20,
                [ 18.5, 2, 0, 1 ]
              ],
              [
                21,
                [ 19.5, 2, 0, 1 ]
              ],
              [
                22,
                [ 20, 2, 0, 1 ]
              ],
              [
                23,
                [ 0, 1.5, 0, 1 ]
              ],
              [
                24,
                [ 0.50000000000000011, 1.5000000000000004, 0, 1 ]
              ],
              [
                25,
                [ 1.5000000000000007, 1.5000000000000007, 0, 1 ]
              ],
              [
                26,
                [ 2.4999999999999991, 1.5, 0, 1 ]
              ],
              [
                27,
                [ 3.5000000000000027, 1.5, 0, 1 ]
              ],
              [
                28,
                [ 4.5, 1.5, 0, 1 ]
              ],
              [
                29,
                [ 5.4999999999999991, 1.5000000000000004, 0, 1 ]
              ],
              [
                30,
                [ 6.5000000000000018, 1.5000000000000004, 0, 1 ]
              ],
              [
                31,
                [ 7.4999999999999982, 1.5, 0, 1 ]
              ],
              [
                32,
                [ 8.5, 1.5, 0, 1 ]
              ],
              [
                33,
                [ 9.5, 1.5, 0, 1 ]
              ],
              [
                34,
                [ 10.5, 1.4999999999999996, 0, 1 ]
              ],
              [
                35,
                [ 11.5, 1.5000000000000002, 0, 1 ]
              ],
              [
                36,
                [ 12.5, 1.5, 0, 1 ]
              ],
              [
                37,
                [ 13.5, 1.5000000000000007, 0, 1 ]
              ],
              [
                38,
                [ 14.500000000000005, 1.4999999999999998, 0, 1 ]
              ],
              [
                39,
                [ 15.5, 1.5, 0, 1 ]
              ],
              [
                40,
                [ 16.5, 1.5000000000000002, 0, 1 ]
              ],
              [
                41,
                [ 17.5, 1.5, 0, 1 ]
              ],
              [
                42,
                [ 18.500000000000007, 1.5000000000000004, 0, 1 ]
              ],
              [
                43,
                [ 19.5, 1.5000000000000007, 0, 1 ]
              ],
              [
                44,
                [ 20, 1.5, 0, 1 ]
              ],
              [
                45,
                [ 0, 0.5, 0, 1 ]
              ],
              [
                46,
                [ 0.49999999999999994, 0.49999999999999989, 0, 1 ]
              ],
              [
                47,
                [ 1.5000000000000004, 0.49999999999999994, 0, 1 ]
              ],
              [
                48,
                [ 2.4999999999999996, 0.5, 0, 1 ]
              ],
              [
                49,
                [ 3.5000000000000004, 0.5, 0, 1 ]
              ],
              [
                50,
                [ 4.5000000000000018, 0.5, 0, 1 ]
              ],
              [
                51,
                [ 5.4999999999999991, 0.49999999999999983, 0, 1 ]
              ],
              [
                52,
                [ 6.5000000000000009, 0.49999999999999994, 0, 1 ]
              ],
              [
                53,
                [ 7.4999999999999982, 0.49999999999999994, 0, 1 ]
              ],
              [
                54,
                [ 8.5, 0.49999999999999994, 0, 1 ]
              ],
              [
                55,
                [ 9.4999999999999964, 0.5, 0, 1 ]
              ],
              [
                56,
                [ 10.500000000000002, 0.5, 0, 1 ]
              ],
              [
                57,
                [ 11.499999999999998, 0.5, 0, 1 ]
              ],
              [
                58,
                [ 12.500000000000002, 0.5, 0, 1 ]
              ],
              [
                59,
                [ 13.500000000000005, 0.49999999999999978, 0, 1 ]
              ],
              [
                60,
                [ 14.499999999999996, 0.5, 0, 1 ]
              ],
              [
                61,
                [ 15.500000000000004, 0.5, 0, 1 ]
              ],
              [
                62,
                [ 16.5, 0.5, 0, 1 ]
              ],
              [
                63,
                [ 17.5, 0.5, 0, 1 ]
              ],
              [
                64,
                [ 18.5, 0.49999999999999978, 0, 1 ]
              ],
              [
                65,
                [ 19.5, 0.49999999999999989, 0, 1 ]
              ],
              [
                66,
                [ 20, 0.5, 0, 1 ]
              ],
              [
                67,
                [ 0, 0, 0, 1 ]
              ],
              [
                68,
                [ 0.5, 0, 0, 1 ]
              ],
              [
                69,
                [ 1.5000000000000002, 0, 0, 1 ]
              ],
              [
                70,
                [ 2.5000000000000004, 0, 0, 1 ]
              ],
              [
                71,
                [ 3.5000000000000009, 0, 0, 1 ]
              ],
              [
                72,
                [ 4.5, 0, 0, 1 ]
              ],
              [
                73,
                [ 5.4999999999999991, 0, 0, 1 ]
              ],
              [
                74,
                [ 6.5000000000000009, 0, 0, 1 ]
              ],
              [
                75,
                [ 7.4999999999999982, 0, 0, 1 ]
