{"tolerances":{"model_tolerance":0.001},"version_number":1,"breps":[{"brep_id":1,"faces":[{"brep_id":2,"swapped_surface_normal":false,"surface":{"is_trimmed":true,"is_rational":false,"degrees":[3,2],"knot_vectors":[[0,0,0,1,2,3,4,5,6,7,8,9,10,11,12,13,14,15,16,17,18,18,18],[0,0,1,2,3,4,5,6,6]],"control_points":[[1,[0,0,0,1]],[2,[0.22730801004389653,0,0.22127762285854843,1]],[3,[0.72466004415984375,0,0.60673454423686668,1]],[4,[1.8485689331334296,0,0.59842031505666926,1]],[5,[2.0776558899596385,0,-0.46492784962979616,1]],[6,[1.3240376503602169,0,-1.1524670207221177,1]],[7,[0.52980536352121088,0,-1.7194874053262512,1]],[8,[0.59409556973840194,0,-2.914115637170255,1]],[9,[1.8948078099475236,0,-2.3790410699330233,1]],[10,[1.3813307894127567,0,-1.2414663585819823,1]],[11,[2.4292563962853415,0,-0.79198836833105646,1]],[12,[3.2621283587927019,0,-0.46473169627853456,1]],[13,[4.1494473679155224,0,-0.096660109059763591,1]],[14,[5.0086209876777286,0,0.29217217303109072,1]],[15,[5.8618031913309947,0,0.70479766380123254,1]],[16,[6.7043676377284633,0,1.1359123977592664,1]],[17,[7.5389241462498848,0,1.5830106215783337,1]],[18,[8.36598275985678,0,2.0436292816679504,1]],[19,[9.1864340534138584,0,2.5159519861524959,1]],[20,[9.7294123606391736,0,2.8376486172714555,1]],[21,[9.9999999999999982,0,2.9999999999999996,1]],[22,[0,0.83333333333333315,0,1]],[23,[0.22730801004389664,0.83333333333333393,0.22127762285854846,1]],[24,[0.72466004415984353,0.83333333333333282,0.60673454423686657,1]],[25,[1.848568933133429,0.83333333333333348,0.59842031505666926,1]],[26,[2.07765588995964,0.83333333333333359,-0.46492784962979616,1]],[27,[1.3240376503602156,0.83333333333333248,-1.1524670207221177,1]],[28,[0.52980536352121133,0.83333333333333348,-1.7194874053262512,1]],[29,[0.59409556973840194,0.83333333333333315,-2.914115637170255,1]],[30,[1.894807809947523,0.83333333333333326,-2.3790410699330211,1]],[31,[1.3813307894127571,0.83333333333333326,-1.2414663585819832,1]],[32,[2.4292563962853415,0.83333333333333293,-0.79198836833105657,1]],[33,[3.262128358792701,0.83333333333333348,-0.46473169627853467,1]],[34,[4.1494473679155259,0.83333333333333315,-0.096660109059763424,1]],[35,[5.0086209876777259,0.83333333333333326,0.29217217303109094,1]],[36,[5.8618031913309956,0.833333333333333,0.70479766380123232,1]],[37,[6.7043676377284651,0.8333333333333337,1.1359123977592664,1]],[38,[7.5389241462498831,0.833333333333333,1.5830106215783331,1]],[39,[8.3659827598567844,0.83333333333333337,2.0436292816679513,1]],[40,[9.1864340534138549,0.83333333333333282,2.5159519861524959,1]],[41,[9.7294123606391736,0.83333333333333348,2.8376486172714555,1]],[42,[9.9999999999999982,0.833333333333333,2.9999999999999996,1]],[43,[0,2.5000000000000004,0,1]],[44,[0.22730801004389647,2.5000000000000004,0.22127762285854838,1]],[45,[0.724660044159844,2.5000000000000009,0.606734544236867,1]],[46,[1.8485689331334296,2.5000000000000004,0.59842031505666893,1]],[47,[2.0776558899596385,2.5000000000000018,-0.46492784962979611,1]],[48,[1.3240376503602169,2.5000000000000004,-1.1524670207221175,1]],[49,[0.52980536352121077,2.5000000000000009,-1.7194874053262523,1]],[50,[0.59409556973840238,2.5000000000000009,-2.9141156371702541,1]],[51,[1.8948078099475238,2.5,-2.3790410699330247,1]],[52,[1.3813307894127569,2.5000000000000018,-1.2414663585819818,1]],[53,[2.4292563962853411,2.4999999999999987,-0.79198836833105668,1]],[54,[3.2621283587927019,2.5000000000000013,-0.46473169627853428,1]],[55,[4.1494473679155224,2.5000000000000009,-0.096660109059763813,1]],[56,[5.0086209876777286,2.4999999999999991,0.29217217303109083,1]],[57,[5.8618031913309938,2.5000000000000004,0.7047976638012321,1]],[58,[6.7043676377284651,2.5000000000000004,1.1359123977592673,1]],[59,[7.5389241462498848,2.4999999999999991,1.5830106215783337,1]],[60,[8.3659827598567773,2.5000000000000013,2.0436292816679504,1]],[61,[9.1864340534138655,2.4999999999999991,2.5159519861524968,1]],[62,[9.72941236063917,2.5,2.8376486172714568,1]],[63,[9.9999999999999982,2.4999999999999996,3,1]],[64,[0,4.1666666666666661,0,1]],[65,[0.22730801004389664,4.1666666666666661,0.22127762285854854,1]],[66,[0.72466004415984331,4.1666666666666661,0.60673454423686679,1]],[67,[1.8485689331334303,4.1666666666666687,0.59842031505666915,1]],[68,[2.077655889959638,4.1666666666666643,-0.46492784962979622,1]],[69,[1.3240376503602171,4.166666666666667,-1.1524670207221175,1]],[70,[0.52980536352121055,4.1666666666666625,-1.7194874053262521,1]],[71,[0.59409556973840261,4.16666666666667,-2.914115637170255,1]],[72,[1.894807809947523,4.1666666666666652,-2.3790410699330224,1]],[73,[1.3813307894127573,4.1666666666666679,-1.2414663585819827,1]],[74,[2.4292563962853411,4.166666666666667,-0.79198836833105646,1]],[75,[3.2621283587927024,4.1666666666666679,-0.4647316962785345,1]],[76,[4.1494473679155215,4.1666666666666652,-0.09666010905976366,1]],[77,[5.0086209876777312,4.1666666666666679,0.29217217303109067,1]],[78,[5.861803191330992,4.1666666666666661,0.70479766380123277,1]],[79,[6.7043676377284651,4.1666666666666687,1.1359123977592658,1]],[80,[7.5389241462498884,4.166666666666667,1.5830106215783339,1]],[81,[8.3659827598567791,4.166666666666667,2.0436292816679513,1]],[82,[9.1864340534138655,4.1666666666666643,2.5159519861524973,1]],[83,[9.72941236063917,4.16666666666667,2.8376486172714546,1]],[84,[10,4.166666666666667,2.9999999999999996,1]],[85,[0,5.8333333333333313,0,1]],[86,[0.22730801004389639,5.8333333333333375,0.22127762285854849,1]],[87,[0.72466004415984409,5.8333333333333286,0.60673454423686668,1]],[88,[1.8485689331334294,5.8333333333333339,0.59842031505666915,1]],[89,[2.0776558899596389,5.8333333333333348,-0.46492784962979611,1]],[90,[1.3240376503602167,5.8333333333333339,-1.1524670207221182,1]],[91,[0.52980536352121121,5.833333333333333,-1.7194874053262512,1]],[92,[0.59409556973840161,5.8333333333333357,-2.914115637170255,1]],[93,[1.8948078099475241,5.8333333333333286,-2.3790410699330224,1]],[94,[1.3813307894127567,5.8333333333333375,-1.241466358581983,1]],[95,[2.4292563962853415,5.8333333333333286,-0.79198836833105646,1]],[96,[3.2621283587927019,5.8333333333333357,-0.4647316962785345,1]],[97,[4.1494473679155233,5.8333333333333313,-0.096660109059763674,1]],[98,[5.0086209876777286,5.8333333333333286,0.292172173031091,1]],[99,[5.8618031913309947,5.8333333333333321,0.70479766380123243,1]],[100,[6.7043676377284633,5.8333333333333313,1.1359123977592669,1]],[101,[7.5389241462498831,5.8333333333333321,1.5830106215783337,1]],[102,[8.3659827598567844,5.8333333333333321,2.0436292816679504,1]],[103,[9.186434053413862,5.8333333333333313,2.5159519861524982,1]],[104,[9.7294123606391683,5.8333333333333313,2.8376486172714541,1]],[105,[10,5.83333333333333,3,1]],[106,[0,7.5,0,1]],[107,[0.22730801004389656,7.4999999999999991,0.22127762285854838,1]],[108,[0.72466004415984386,7.4999999999999991,0.606734544236867,1]],[109,[1.8485689331334292,7.5000000000000036,0.598420315056669,1]],[110,[2.0776558899596385,7.5,-0.46492784962979627,1]],[111,[1.3240376503602169,7.5,-1.1524670207221168,1]],[112,[0.52980536352121077,7.5,-1.7194874053262519,1]],[113,[0.59409556973840238,7.5000000000000009,-2.9141156371702541,1]],[114,[1.8948078099475238,7.5,-2.3790410699330247,1]],[115,[1.3813307894127569,7.5,-1.2414663585819818,1]],[116,[2.4292563962853411,7.5000000000000018,-0.79198836833105657,1]],[117,[3.2621283587927028,7.5000000000000018,-0.4647316962785345,1]],[118,[4.1494473679155206,7.5,-0.09666010905976366,1]],[119,[5.0086209876777295,7.5000000000000027,0.29217217303109078,1]],[120,[5.8618031913309929,7.4999999999999982,0.70479766380123232,1]],[121,[6.7043676377284633,7.5000000000000018,1.1359123977592664,1]],[122,[7.5389241462498857,7.4999999999999982,1.5830106215783339,1]],[123,[8.3659827598567755,7.5,2.0436292816679495,1]],[124,[9.1864340534138584,7.4999999999999973,2.5159519861524968,1]],[125,[9.7294123606391736,7.5000000000000027,2.8376486172714572,1]],[126,[9.9999999999999964,7.5000000000000009,2.9999999999999996,1]],[127,[0,