{
	"tolerances": {
		"model_tolerance": 0.01
	},
	"version_number": 1,
	"breps": [{
		"brep_id": 1,
		"faces": [],
		"edges": [{
			"brep_id": 2,
			"3d_curve": {
				"degree": 2,
				"knot_vector": [0, 0, 0, 0.15707963267948966, 0.15707963267948966, 0.31415926535897931, 0.31415926535897931, 0.47123889803846897, 0.47123889803846897, 0.62831853071795862, 0.62831853071795862, 0.62831853071795862],
				"active_range": [0, 0.62831853071795862],
				"control_points": [
					[1, [1.35, 0, 0.25, 1]],
					[2, [1.35, 0.1, 0.25, 0.70710678118654757]],
					[3, [1.25, 0.1, 0.25, 1]],
					[4, [1.15, 0.1, 0.25, 0.70710678118654757]],
					[5, [1.15, 1.2246467991473533E-17, 0.25, 1]],
					[6, [1.15, -0.099999999999999992, 0.25, 0.70710678118654757]],
					[7, [1.25, -0.1, 0.25, 1]],
					[8, [1.35, -0.1, 0.25, 0.70710678118654757]],
					[9, [1.35, 0, 0.25, 1]]
				]
			},
			"topology": [],
			"embedded_points": []
		}]
	}]
}