{
	"tolerances": {
		"model_tolerance": 0.01
	},
	"version_number": 1,
	"breps": [{
		"brep_id": 1,
		"faces": [],
		"edges": [{
			"brep_id": 2,
			"3d_curve": {
				"degree": 1,
				"knot_vector": [0, 0, 0.29999999999999982, 0.69999999999999973, 0.99999999999999956, 1.3999999999999995, 1.3999999999999995],
				"active_range": [0, 1.3999999999999995],
				"control_points": [
					[1, [1.1, 0.3, 0, 1]],
					[2, [1.4, 0.3, 0, 1]],
					[3, [1.4, 0.7, 0, 1]],
					[4, [1.1, 0.7, 0, 1]],
					[5, [1.1, 0.3, 0, 1]]
				]
			},
			"topology": [],
			"embedded_points": []
		}]
	}]
}