{
  "TIME": [
    0.1,
    0.2,
    0.30000000000000004,
    0.4,
    0.5,
    0.6,
    0.7,
    0.7999999999999999,
    0.8999999999999999,
    0.9999999999999999,
    1.0999999999999999,
    1.2,
    1.3,
    1.4000000000000001,
    1.5000000000000002,
    1.6000000000000003,
    1.7000000000000004,
    1.8000000000000005,
    1.9000000000000006,
    2.0000000000000004,
    2.1000000000000005,
    2.2000000000000006,
    2.3000000000000007,
    2.400000000000001,
    2.500000000000001,
    2.600000000000001,
    2.700000000000001,
    2.800000000000001,
    2.9000000000000012,
    3.0000000000000013,
    3.1000000000000014,
    3.2000000000000015,
    3.3000000000000016,
    3.4000000000000017,
    3.5000000000000018,
    3.600000000000002,
    3.700000000000002,
    3.800000000000002,
    3.900000000000002,
    4.000000000000002,
    4.100000000000001,
    4.200000000000001,
    4.300000000000001,
    4.4,
    4.5,
    4.6,
    4.699999999999999,
    4.799999999999999,
    4.899999999999999,
    4.999999999999998
  ],
  "NODE_2": {
    "DISPLACEMENT_X": [
      0.995,
      0.9816548109322351,
      0.9621600952364797,
      0.9375764057454218,
      0.908248349977962,
      0.8743734063270365,
      0.8361323875626331,
      0.7937188238424674,
      0.74734497461674,
      0.6972423771062725,
      0.6436610613785329,
      0.5868683881079675,
      0.5271477341955746,
      0.46479708334923203,
      0.40012754030220676,
      0.3334617787662681,
      0.2651324314816315,
      0.19548043053911937,
      0.12485330628841036,
      0.053603453327605396,
      -0.01791362777226273,
      -0.08934110423444228,
      -0.16032259148511202,
      -0.23050393132013638,
      -0.29953495895783,
      -0.367071250161118,
      -0.4327758397119511,
      -0.4963209026637979,
      -0.557389389983783,
      -0.6156766104236349,
      -0.6708917507269258,
      -0.7227593265877758,
      -0.7710205571217339,
      -0.8154346559912028,
      -0.8557800327436449,
      -0.8918553983688188,
      -0.9234807695592089,
      -0.9504983666632456,
      -0.9727734008513451,
      -0.9901947465675806,
      -1.0026754959121726,
      -1.010153392189099,
      -1.0125911404560335,
      -1.0099765935275236,
      -1.002322812503743,
      -0.9896680015232084,
      -0.972075317065404,
      -0.9496325527551894,
      -0.9224517012420383,
      -0.8906683953404827
    ]
  }
}