{
	"tolerances": {
		"model_tolerance": 0.01
	},
	"version_number": 1,
	"breps": [{
		"brep_id": 1,
		"faces": [],
		"edges": [{
			"brep_id": 2,
			"3d_curve": {
				"degree": 3,
				"knot_vector": [0, 0, 0, 0, 49.04965975579006, 98.09931951158012, 98.09931951158012, 98.09931951158012, 98.09931951158012],
				"active_range": [0, 98.09931951158012],
				"control_points": [
					[1, [-13.535700738928945, 19.258520248534715, 0, 1]],
					[2, [-6.3865672519921839, 1.2346484997786731, 0, 1]],
					[3, [-42.132234686675972, -3.7999525473598879, 0, 1]],
					[4, [-7.2927954404771285, -15.2788429348358, 0, 1]],
					[5, [4.9916311145409615, -8.029017426956278, 0, 1]]
				]
			},
			"topology": [],
			"embedded_points": []
		}]
	}]
}
