{
	"tolerances": {
		"model_tolerance": 0.01
	},
	"version_number": 1,
	"breps": [{
		"brep_id": 1,
		"faces": [{
			"brep_id": 2,
			"swapped_surface_normal": false,
			"surface": {
				"is_trimmed": true,
				"is_rational": false,
				"degrees": [1, 1],
				"knot_vectors": [
					[0, 0, 10, 10],
					[0, 0, 10, 10]
				],
				"control_points": [
					[1, [2.6099371828366333, -7.5851299376189569, 0, 1]],
					[2, [12.609937182836633, -7.5851299376189569, 0, 1]],
					[3, [2.6099371828366333, 2.4148700623810431, 0, 1]],
					[4, [12.609937182836633, 2.4148700623810431, 0, 1]]
				]
			},
			"boundary_loops": [{
				"loop_type": "outer",
				"trimming_curves": [{
					"trim_index": 0,
					"curve_direction": true,
					"parameter_curve": {
						"is_rational": false,
						"degree": 2,
						"knot_vector": [-16.726815063976805, -16.726815063976805, -16.726815063976805, -2.1612452022194972, -2.1612452022194972, -2.1612452022194972],
						"active_range": [-16.726815063976805, -2.1612452022194972],
						"control_points": [
							[5, [7.2769074884817861, 10, 0, 1]],
							[6, [1.644988707126235, 6.42534114569677, 0, 1]],
							[7, [0.95627432467649709, 0, 0, 1]]
						]
					}
				}, {
					"trim_index": 1,
					"curve_direction": true,
					"parameter_curve": {
						"is_rational": false,
						"degree": 1,
						"knot_vector": [0.9562743246764972, 0.9562743246764972, 10, 10],
						"active_range": [0.9562743246764972, 10],
						"control_points": [
							[8, [0.95627432467649709, 0, 0, 1]],
							[9, [10, 0, 0, 1]]
						]
					}
				}, {
					"trim_index": 2,
					"curve_direction": true,
					"parameter_curve": {
						"is_rational": false,
						"degree": 1,
						"knot_vector": [0, 0, 10, 10],
						"active_range": [0, 10],
						"control_points": [
							[10, [10, 0, 0, 1]],
							[11, [10, 10, 0, 1]]
						]
					}
				}, {
					"trim_index": 3,
					"curve_direction": true,
					"parameter_curve": {
						"is_rational": false,
						"degree": 1,
						"knot_vector": [0, 0, 2.7230925115182147, 2.7230925115182147],
						"active_range": [0, 2.7230925115182147],
						"control_points": [
							[12, [10, 10, 0, 1]],
							[13, [7.2769074884817861, 10, 0, 1]]
						]
					}
				}]
			}],
			"embedded_loops": [],
			"embedded_points": []
		}],
		"edges": [{
			"brep_id": 3,
			"3d_curve": {
				"degree": 1,
				"knot_vector": [0, 0, 10, 10],
				"active_range": [0, 10],
				"control_points": [
					[14, [12.609937182836633, -7.5851299376189569, 0, 1]],
					[15, [12.609937182836633, 2.4148700623810431, 0, 1]]
				]
			},
			"topology": [{
				"face_id": 2,
				"trim_index": 2,
				"relative_direction": true
			}]
		}, {
			"brep_id": 4,
			"3d_curve": {
				"degree": 1,
				"knot_vector": [-10, -10, -7.2769074884817853, -7.2769074884817853],
				"active_range": [-10, -7.2769074884817853],
				"control_points": [
					[16, [12.609937182836633, 2.4148700623810431, 0, 1]],
					[17, [9.8868446713184177, 2.4148700623810431, 0, 1]]
				]
			},
			"topology": [{
				"face_id": 2,
				"trim_index": 3,
				"relative_direction": true
			}]
		}, {
			"brep_id": 5,
			"3d_curve": {
				"degree": 2,
				"knot_vector": [-16.726815063976805, -16.726815063976805, -16.726815063976805, -2.1612452022194972, -2.1612452022194972, -2.1612452022194972],
				"active_range": [-16.726815063976805, -2.1612452022194972],
				"control_points": [
					[18, [9.8868446713184177, 2.4148700623810431, 0, 1]],
					[19, [4.2549258899628679, -1.1597887919221872, 0, 1]],
					[20, [3.5662115075131307, -7.5851299376189569, 0, 1]]
				]
			},
			"topology": [{
				"face_id": 2,
				"trim_index": 0,
				"relative_direction": true
			}]
		}, {
			"brep_id": 6,
			"3d_curve": {
				"degree": 1,
				"knot_vector": [0.9562743246764972, 0.9562743246764972, 10, 10],
				"active_range": [0.9562743246764972, 10],
				"control_points": [
					[21, [3.5662115075131307, -7.5851299376189569, 0, 1]],
					[22, [12.609937182836633, -7.5851299376189569, 0, 1]]
				]
			},
			"topology": [{
				"face_id": 2,
				"trim_index": 1,
				"relative_direction": true
			}]
		}, {
			"brep_id": 7,
			"3d_curve": {
				"degree": 2,
				"knot_vector": [0, 0, 0, 21.498073633307094, 21.498073633307094, 21.498073633307094],
				"active_range": [0, 21.498073633307094],
				"control_points": [
					[23, [0.86072415566820482, -1.9695522311021456, 0, 1]],
					[24, [0.79466012072765579, 8.138245114802336, 0, 1]],
					[25, [11.497033781097103, 12.036023176294913, 0, 1]]
				]
			},
			"topology": [],
			"embedded_points": []
		}],
		"vertices": []
	}]
}