{"tolerances":{"model_tolerance":0.001},"version_number":1,"breps":[{"brep_id":1,"faces":[{"brep_id":2,"swapped_surface_normal":false,"surface":{"is_trimmed":true,"is_rational":false,"degrees":[1,5],"knot_vectors":[[0,0.1],[0.035257937094311645,0.035257937094311645,0.035257937094311645,0.035257937094311645,0.035257937094311645,0.036805575848104434,0.038091724701602013,0.039887827354379408,0.042189395661193931,0.044990677123754777,0.048284670088051936,0.05206314133491044,0.056316646682893996,0.061034554602923848,0.066205072795698858,0.071815277668432431,0.077851146638302421,0.084297593182328767,0.091138504546280544,0.098356782018473435,0.1059343836678521,0.11385236943956868,0.12209094849536133,0.13062952868042291,0.13944676799312319,0.14852062792894397,0.15782842856529891,0.1673469052495582,0.17705226674858626,0.18692025471445475,0.19692620431769403,0.20704510589653646,0.217251667468057,0.2275203779449704,0.23782557090007275,0.24814148871895214,0.25844234698061863,0.26870239890513808,0.27830441753446922,0.28725142232334711,0.28911508417335552,0.28911508417335552,0.28911508417335552,0.28911508417335552,0.28911508417335552]],"control_points":[[1,[0,-0.05,0,1]],[2,[0,0.05,0,1]],[3,[6.1238394535312324E-06,-0.05,-0.00030954138340470727,1]],[4,[6.1238394535312324E-06,0.05,-0.00030954138340470727,1]],[5,[4.1192979105195149E-05,-0.05,-0.00087531923632282876,1]],[6,[4.1192979105195149E-05,0.05,-0.00087531923632282876,1]],[7,[0.00015509049341112802,-0.05,-0.0017964436232591821,1]],[8,[0.00015509049341112802,0.05,-0.0017964436232591821,1]],[9,[0.0003352526711943582,-0.05,-0.0031678561895294929,1]],[10,[0.0003352526711943582,0.05,-0.0031678561895294929,1]],[11,[0.00075677511334788783,-0.05,-0.0050769978756610712,1]],[12,[0.00075677511334788783,0.05,-0.0050769978756610712,1]],[13,[0.0012713494803998637,-0.05,-0.0073062091450274216,1]],[14,[0.0012713494803998637,0.05,-0.0073062091450274216,1]],[15,[0.0021109543198808145,-0.05,-0.00998476573751178,1]],[16,[0.0021109543198808145,0.05,-0.00998476573751178,1]],[17,[0.0031695629457796359,-0.05,-0.013086300451512524,1]],[18,[0.0031695629457796359,0.05,-0.013086300451512524,1]],[19,[0.0046151431591548026,-0.05,-0.016579486386588856,1]],[20,[0.0046151431591548026,0.05,-0.016579486386588856,1]],[21,[0.0063868480137595357,-0.05,-0.02042968101961222,1]],[22,[0.0063868480137595357,0.05,-0.02042968101961222,1]],[23,[0.0085884816941509678,-0.05,-0.024598228832623491,1]],[24,[0.0085884816941509678,0.05,-0.024598228832623491,1]],[25,[0.011202791126637898,-0.05,-0.029043603605568215,1]],[26,[0.011202791126637898,0.05,-0.029043603605568215,1]],[27,[0.014285193036839783,-0.05,-0.033721309224938052,1]],[28,[0.014285193036839783,0.05,-0.033721309224938052,1]],[29,[0.017838267279987441,-0.05,-0.038584656140952418,1]],[30,[0.017838267279987441,0.05,-0.038584656140952418,1]],[31,[0.021888946000904366,-0.05,-0.043585022781385103,1]],[32,[0.021888946000904366,0.05,-0.043585022781385103,1]],[33,[0.026442259736555632,-0.05,-0.04867246349508686,1]],[34,[0.026442259736555632,0.05,-0.04867246349508686,1]],[35,[0.031507803846193921,-0.05,-0.053796137158638985,1]],[36,[0.031507803846193921,0.05,-0.053796137158638985,1]],[37,[0.03708477339487587,-0.05,-0.0589048546599097,1]],[38,[0.03708477339487587,0.05,-0.0589048546599097,1]],[39,[0.0431701016981849,-0.05,-0.063947568752734468,1]],[40,[0.0431701016981849,0.05,-0.063947568752734468,1]],[41,[0.049754142452535288,-0.05,-0.068873895691647119,1]],[42,[0.049754142452535288,0.05,-0.068873895691647119,1]],[43,[0.056823044269138465,-0.05,-0.073634612490841023,1]],[44,[0.056823044269138465,0.05,-0.073634612490841023,1]],[45,[0.0643577169358433,-0.05,-0.078182152148210921,1]],[46,[0.0643577169358433,0.05,-0.078182152148210921,1]],[47,[0.07233461448509694,-0.05,-0.082471076565114931,1]],[48,[0.07233461448509694,0.05,-0.082471076565114931,1]],[49,[0.080725675733217067,-0.05,-0.086458533389382086,1]],[50,[0.080725675733217067,0.05,-0.086458533389382086,1]],[51,[0.089498748358964708,-0.05,-0.090104678447682149,1]],[52,[0.089498748358964708,0.05,-0.090104678447682149,1]],[53,[0.098617842247110038,-0.05,-0.093373087771202845,1]],[54,[0.098617842247110038,0.05,-0.093373087771202845,1]],[55,[0.10804351713377439,-0.05,-0.096231086650893249,1]],[56,[0.10804351713377439,0.05,-0.096231086650893249,1]],[57,[0.11773327406789498,-0.05,-0.09865016325216755,1]],[58,[0.11773327406789498,0.05,-0.09865016325216755,1]],[59,[0.12764195479097828,-0.05,-0.10060603798485587,1]],[60,[0.12764195479097828,0.05,-0.10060603798485587,1]],[61,[0.13772226911251123,-0.05,-0.10207943321284189,1]],[62,[0.13772226911251123,0.05,-0.10207943321284189,1]],[63,[0.14792507644803032,-0.05,-0.10305499079323396,1]],[64,[0.14792507644803032,0.05,-0.10305499079323396,1]],[65,[0.15820033663190486,-0.05,-0.10352447645288297,1]],[66,[0.15820033663190486,0.05,-0.10352447645288297,1]],[67,[0.16849652004730459,-0.05,-0.10347964011780753,1]],[68,[0.16849652004730459,0.05,-0.10347964011780753,1]],[69,[0.17864545074168936,-0.05,-0.102935550286173,1]],[70,[0.17864545074168936,0.05,-0.102935550286173,1]],[71,[0.18848283516195385,-0.05,-0.10190971817993187,1]],[72,[0.18848283516195385,0.05,-0.10190971817993187,1]],[73,[0.19659160798374381,-0.05,-0.10069446750064705,1]],[74,[0.19659160798374381,0.05,-0.10069446750064705,1]],[75,[0.20261790687743814,-0.05,-0.0995312696346791,1]],[76,[0.20261790687743814,0.05,-0.0995312696346791,1]],[77,[0.20660696890054539,-0.05,-0.098660887053661633,1]],[78,[0.20660696890054539,0.05,-0.098660887053661633,1]],[79,[0.2087157289892525,-0.05,-0.098183147055802708,1]],[80,[0.2087157289892525,0.05,-0.098183147055802708,1]],[81,[0.20907915732720997,-0.05,-0.09810034529280201,1]],[82,[0.20907915732720997,0.05,-0.09810034529280201,1]]]},"boundary_loops":[{"loop_type":"outer","trimming_curves":[{"trim_index":0,"curve_direction":true,"parameter_curve":{"is_rational":false,"degree":1,"knot_vector":[0,0.1],"active_range":[0,0.1],"control_points":[[0,0.035257937094311645,0,1],[0.1,0.035257937094311645,0,1]]}},{"trim_index":1,"curve_direction":true,"parameter_curve":{"is_rational":false,"degree":1,"knot_vector":[0.035257937094311645,0.28911508417335552],"active_range":[0.035257937094311645,0.28911508417335552],"control_points":[[0.1,0.035257937094311645,0,1],[0.1,0.28911508417335552,0,1]]}},{"trim_index":2,"curve_direction":true,"parameter_curve":{"is_rational":false,"degree":1,"knot_vector":[0,0.1],"active_range":[0,0.1],"control_points":[[0.1,0.28911508417335552,0,1],[0,0.28911508417335552,0,1]]}},{"trim_index":3,"curve_direction":true,"parameter_curve":{"is_rational":false,"degree":1,"knot_vector":[0.035257937094311645,0.28911508417335552],"active_range":[0.035257937094311645,0.28911508417335552],"control_points":[[0,0.28911508417335552,0,1],[0,0.035257937094311645,0,1]]}}]}],"embedded_loops":[]}],"edges":[{"brep_id":3,"3d_curve":{"degree":1,"knot_vector":[0,0.1],"active_range":[0,0.1],"control_points":[[83,[0,-0.05,0,1]],[84,[0,0.05,0,1]]]},"topology":[{"face_id":2,"trim_index":0,"relative_direction":true}]},{"brep_id":4,"3d_curve":{"degree":5,