{"tolerances":{"model_tolerance":0.001},"version_number":1,"breps":[{"brep_id":1,"faces":[{"brep_id":2,"swapped_surface_normal":false,"surface":{"is_trimmed":true,"is_rational":false,"degrees":[1,1],"knot_vectors":[[0,0.1],[0.035257937094311645,0.045835318222605143,0.05641269935089864,0.066990080479192138,0.077567461607485622,0.088144842735779133,0.098722223864072617,0.10929960499236611,0.11987698612065961,0.1304543672489531,0.14103174837724661,0.15160912950554012,0.1621865106338336,0.17276389176212706,0.18334127289042057,0.19391865401871405,0.20449603514700754,0.21507341627530105,0.22565079740359456,0.23622817853188804,0.24680555966018153,0.257382940788475,0.26796032191676855,0.27853770304506204,0.28911508417335552]],"control_points":[[1,[0,-0.049999999999999996,0,1]],[2,[0,0.049999999999999996,0,1]],[3,[0.0023092718054678061,-0.049999999999999996,-0.010297452549051933,1]],[4,[0.0023092718054678061,0.049999999999999996,-0.010297452549051933,1]],[5,[0.0063301527533694,-0.049999999999999989,-0.020065148820423241,1]],[6,[0.0063301527533694,0.049999999999999989,-0.020065148820423241,1]],[7,[0.011452864979020887,-0.05000000000000001,-0.029313073200590022,1]],[8,[0.011452864979020887,0.05000000000000001,-0.029313073200590022,1]],[9,[0.017515265667065408,-0.049999999999999989,-0.037976197959658349,1]],[10,[0.017515265667065408,0.049999999999999989,-0.037976197959658349,1]],[11,[0.02425768720576741,-0.05,-0.046119525930846617,1]],[12,[0.02425768720576741,0.05,-0.046119525930846617,1]],[13,[0.031585647978378366,-0.05,-0.053743529859433335,1]],[14,[0.031585647978378366,0.05,-0.053743529859433335,1]],[15,[0.039476705387156079,-0.05000000000000001,-0.060783710594687304,1]],[16,[0.039476705387156079,0.05000000000000001,-0.060783710594687304,1]],[17,[0.047800954565353763,-0.049999999999999989,-0.067304208058928436,1]],[18,[0.047800954565353763,0.049999999999999989,-0.067304208058928436,1]],[19,[0.056508718202279665,-0.05,-0.07330547127515831,1]],[20,[0.056508718202279665,0.05,-0.07330547127515831,1]],[21,[0.065591389128898128,-0.049999999999999982,-0.078722942054418821,1]],[22,[0.065591389128898128,0.049999999999999982,-0.078722942054418821,1]],[23,[0.074963421572838543,-0.049999999999999996,-0.08362084091859262,1]],[24,[0.074963421572838543,0.049999999999999996,-0.08362084091859262,1]],[25,[0.08459016952823005,-0.05000000000000001,-0.08799953929434183,1]],[26,[0.08459016952823005,0.05000000000000001,-0.08799953929434183,1]],[27,[0.0944617483538964,-0.05,-0.091794408161228386,1]],[28,[0.0944617483538964,0.05,-0.091794408161228386,1]],[29,[0.1045167634937047,-0.05,-0.095069790022078215,1]],[30,[0.1045167634937047,0.05,-0.095069790022078215,1]],[31,[0.11472725491164747,-0.049999999999999989,-0.097825989478546371,1]],[32,[0.11472725491164747,0.049999999999999989,-0.097825989478546371,1]],[33,[0.12507775172777508,-0.050000000000000017,-0.099998294112123118,1]],[34,[0.12507775172777508,0.050000000000000017,-0.099998294112123118,1]],[35,[0.13552297884787257,-0.049999999999999996,-0.10165120080502761,1]],[36,[0.13552297884787257,0.049999999999999996,-0.10165120080502761,1]],[37,[0.1460380688201228,-0.05000000000000001,-0.10278490321210743,1]],[38,[0.1460380688201228,0.05000000000000001,-0.10278490321210743,1]],[39,[0.15659981133708245,-0.05,-0.10333469396694372,1]],[40,[0.15659981133708245,0.05,-0.10333469396694372,1]],[41,[0.16717502303007728,-0.05,-0.10336509657591053,1]],[42,[0.16717502303007728,0.05,-0.10336509657591053,1]],[43,[0.17773977078336736,-0.049999999999999996,-0.10287653674834138,1]],[44,[0.17773977078336736,0.049999999999999996,-0.10287653674834138,1]],[45,[0.18826127681845856,-0.049999999999999989,-0.10180368917727776,1]],[46,[0.18826127681845856,0.049999999999999989,-0.10180368917727776,1]],[47,[0.19871579590976138,-0.05,-0.10021113112147245,1]],[48,[0.19871579590976138,0.05,-0.10021113112147245,1]],[49,[0.20907915732720994,-0.049999999999999996,-0.098100345292802,1]],[50,[0.20907915732720994,0.049999999999999996,-0.098100345292802,1]]]},"boundary_loops":[{"loop_type":"outer","trimming_curves":[{"trim_index":0,"curve_direction":true,"parameter_curve":{"is_rational":false,"degree":1,"knot_vector":[0,0.1],"active_range":[0,0.1],"control_points":[[0,0.035257937094311645,0,1],[0.1,0.035257937094311645,0,1]]}},{"trim_index":1,"curve_direction":true,"parameter_curve":{"is_rational":false,"degree":1,"knot_vector":[0,0.25385714707904389],"active_range":[0,0.25385714707904389],"control_points":[[0.1,0.035257937094311645,0,1],[0.1,0.28911508417335552,0,1]]}},{"trim_index":2,"curve_direction":true,"parameter_curve":{"is_rational":false,"degree":1,"knot_vector":[0,0.1],"active_range":[0,0.1],"control_points":[[0.1,0.28911508417335552,0,1],[0,0.28911508417335552,0,1]]}},{"trim_index":3,"curve_direction":true,"parameter_curve":{"is_rational":false,"degree":1,"knot_vector":[0,0.25385714707904389],"active_range":[0,0.25385714707904389],"control_points":[[0,0.28911508417335552,0,1],[0,0.035257937094311645,0,1]]}}]}],"embedded_loops":[]}],"edges":[{"brep_id":3,"3d_curve":{"degree":1,"knot_vector":[0,0.1],"active_range":[0,0.1],"control_points":[[51,[0,-0.049999999999999996,0,1]],[52,[0,0.049999999999999996,0,1]]]},"topology":[{"face_id":2,"trim_index":0,"relative_direction":true}]},{"brep_id":4,"3d_curve":{"degree":1,"knot_vector":[0.035257937094311645,0.045835318222605143,0.05641269935089864,0.066990080479192138,0.077567461607485622,0.088144842735779133,0.098722223864072617,0.10929960499236611,0.11987698612065961,0.1304543672489531,0.14103174837724661,0.15160912950554012,0.1621865106338336,0.17276389176212706,0.18334127289042057,0.19391865401871405,0.20449603514700754,0.21507341627530105,0.22565079740359456,0.23622817853188804,0.24680555966018153,0.257382940788475,0.26796032191676855,0.27853770304506204,0.28911508417335552],"active_range":[0.035257937094311645,0.28911508417335552],"control_points":[[53,[0,0.049999999999999996,0,1]],[54,[0.0023092718054678061,0.049999999999999996,-0.010297452549051933,1]],[55,[0.0063301527533694,0.049999999999999989,-0.020065148820423241,1]],[56,[0.011452864979020887,0.05000000000000001,-0.029313073200590022,1]],[57,[0.017515265667065408,0.049999999999999989,-0.037976197959658349,1]],[58,[0.02425768720576741,0.05,-0.046119525930846617,1]],[59,[0.031585647978378366,0.05,-0.053743529859433335,1]],[60,[0.039476705387156079,0.05000000000000001,-0.060783710594687304,1]],[61,[0.047800954565353763,0.049999999999999989,-0.067304208058928436,1]],[62,[0.056508718202279665,0.05,-0.07330547127515831,1]],[63,[0.065591389128898128,0.049999999999999982,-0.078722942054418821,1]],[64,[0.074963421572838543,0.049999999999999996,-0.08362084091859262,1]],[65,[0.08459016952823005,0.05000000000000001,-0.08799953929434183,1]],[66,[0.0944617483538964,0.05,-0.091794408161228386,1]],[67,[0.1045167634937047,0.05,-0.095069790022078215,1]],[68,[0.11472725491164747,0.049999999999999989,-0.097825989478546371,1]],[69,[0.12507775172777508,0.050000000000000017,-0.099998294112123118,1]],[70,[0.13552297884787257,0.049999999999999996,-0.10165120080502761,1]],[71,[0.1460380688201228,0.05000000000000001,-0.10278490321210743,1]],[72,[0.15659981133708245,0.05,-0.10333469396694372,1]],[73,[0.16717502303007728,0.05,-0.10336509657591053,1]],[74,[0.17773977078336736,0.049999999999999996,-0.10287653674834138,1]],[75,[0.18826127681845856,0.049999999999999989,-0.10180368917727776,1]],[76,[0.19871579590976138,0.05,-0.10021113112147245,1]],[77,[0.20907915732720994,0.049999999999999996,-0.098100345292802,1]]]},"topology":[{"face_id":2,"trim_index":1,"relative_direction":true}]},{"brep_id":5,"3d_curve":{"degree":1,"knot_vector":[-0.1,0],"active_range":[-0.1,0],"control_points":[[78,[0.20907915732720994,0.049999999999999996,-0.098100345292802,1]],[79,[0.20907915732720994,-0.049999999999999996,-0.098100345292802,1]]]},"topology":[{"face_id":2,"trim_index":2,"relative_direction":true}]},{"brep_id":6,"3d_curve":{"degree":1,