{"tolerances":{"model_tolerance":0.001},"version_number":1,"breps":[{"brep_id":1,"faces":[{"brep_id":2,"swapped_surface_normal":false,"surface":{"is_trimmed":true,"is_rational":false,"degrees":[3,3],"knot_vectors":[[0,0,0,0.42857142857142855,0.8571428571428571,1.2857142857142856,1.7142857142857144,2.1428571428571428,2.5714285714285716,3,3,3],[0,0,0,0.42857142857142855,0.8571428571428571,1.2857142857142856,1.7142857142857144,2.1428571428571428,2.5714285714285716,3,3,3]],"control_points":[[1,[0,0,0,1]],[2,[0,0.14285714285714285,0,1]],[3,[0,0.42857142857142855,0,1]],[4,[0,0.8571428571428571,0,1]],[5,[0,1.2857142857142856,0,1]],[6,[0,1.7142857142857144,0,1]],[7,[0,2.1428571428571423,0,1]],[8,[0,2.5714285714285716,0,1]],[9,[0,2.8571428571428559,0,1]],[10,[0,3,0,1]],[11,[0.14285714285714285,0,0,1]],[12,[0.14285714285714279,0.14285714285714277,0,1]],[13,[0.14285714285714288,0.42857142857142838,0,1]],[14,[0.1428571428571429,0.857142857142857,0,1]],[15,[0.14285714285714274,1.2857142857142843,0,1]],[16,[0.14285714285714288,1.7142857142857142,0,1]],[17,[0.14285714285714285,2.142857142857141,0,1]],[18,[0.14285714285714282,2.5714285714285676,0,1]],[19,[0.14285714285714285,2.8571428571428572,0,1]],[20,[0.14285714285714285,2.9999999999999978,0,1]],[21,[0.42857142857142855,0,0,1]],[22,[0.42857142857142866,0.14285714285714285,0,1]],[23,[0.42857142857142855,0.42857142857142871,0,1]],[24,[0.42857142857142866,0.857142857142857,0,1]],[25,[0.42857142857142871,1.2857142857142869,0,1]],[26,[0.42857142857142849,1.714285714285714,0,1]],[27,[0.42857142857142866,2.1428571428571432,0,1]],[28,[0.42857142857142871,2.5714285714285738,0,1]],[29,[0.4285714285714286,2.8571428571428568,0,1]],[30,[0.42857142857142855,3.0000000000000018,0,1]],[31,[0.8571428571428571,0,0,1]],[32,[0.85714285714285621,0.14285714285714293,0,1]],[33,[0.85714285714285776,0.42857142857142849,0,1]],[34,[0.85714285714285654,0.85714285714285687,0,1]],[35,[0.85714285714285732,1.2857142857142856,0,1]],[36,[0.85714285714285721,1.7142857142857144,0,1]],[37,[0.85714285714285665,2.1428571428571406,0,1]],[38,[0.85714285714285743,2.5714285714285721,0,1]],[39,[0.85714285714285654,2.857142857142855,0,1]],[40,[0.8571428571428571,2.9999999999999982,0,1]],[41,[1.2857142857142856,0,0,1]],[42,[1.2857142857142851,0.14285714285714285,0,1]],[43,[1.285714285714286,0.42857142857142855,0,1]],[44,[1.2857142857142858,0.85714285714285787,0,1]],[45,[1.2857142857142851,1.2857142857142847,0,1]],[46,[1.2857142857142858,1.7142857142857153,0,1]],[47,[1.2857142857142856,2.1428571428571423,0,1]],[48,[1.2857142857142851,2.5714285714285703,0,1]],[49,[1.2857142857142854,2.8571428571428554,0,1]],[50,[1.2857142857142856,3.0000000000000009,0,1]],[51,[1.7142857142857144,0,0,1]],[52,[1.7142857142857131,0.14285714285714282,0,1]],[53,[1.7142857142857153,0.4285714285714286,0,1]],[54,[1.7142857142857137,0.857142857142857,0,1]],[55,[1.7142857142857149,1.2857142857142863,0,1]],[56,[1.7142857142857149,1.7142857142857144,0,1]],[57,[1.7142857142857131,2.1428571428571423,0,1]],[58,[1.7142857142857157,2.571428571428573,0,1]],[59,[1.7142857142857133,2.8571428571428563,0,1]],[60,[1.7142857142857144,2.9999999999999996,0,1]],[61,[2.1428571428571423,0,0,1]],[62,[2.1428571428571397,0.14285714285714282,0,1]],[63,[2.1428571428571441,0.4285714285714286,0,1]],[64,[2.142857142857141,0.857142857142857,0,1]],[65,[2.1428571428571419,1.2857142857142851,0,1]],[66,[2.1428571428571423,1.7142857142857144,0,1]],[67,[2.1428571428571428,2.1428571428571423,0,1]],[68,[2.1428571428571415,2.5714285714285721,0,1]],[69,[2.142857142857141,2.8571428571428523,0,1]],[70,[2.1428571428571423,3,0,1]],[71,[2.5714285714285716,0,0,1]],[72,[2.5714285714285694,0.1428571428571429,0,1]],[73,[2.571428571428573,0.42857142857142855,0,1]],[74,[2.5714285714285725,0.8571428571428571,0,1]],[75,[2.5714285714285721,1.2857142857142856,0,1]],[76,[2.5714285714285712,1.7142857142857144,0,1]],[77,[2.5714285714285725,2.1428571428571423,0,1]],[78,[2.5714285714285712,2.5714285714285712,0,1]],[79,[2.5714285714285721,2.8571428571428554,0,1]],[80,[2.5714285714285716,3.0000000000000009,0,1]],[81,[2.8571428571428559,0,0,1]],[82,[2.8571428571428554,0.1428571428571429,0,1]],[83,[2.8571428571428568,0.42857142857142844,0,1]],[84,[2.8571428571428541,0.85714285714285676,0,1]],[85,[2.857142857142855,1.2857142857142851,0,1]],[86,[2.8571428571428568,1.714285714285714,0,1]],[87,[2.8571428571428528,2.1428571428571406,0,1]],[88,[2.8571428571428572,2.5714285714285716,0,1]],[89,[2.8571428571428532,2.8571428571428532,0,1]],[90,[2.8571428571428559,3,0,1]],[91,[3,0,0,1]],[92,[2.9999999999999978,0.14285714285714285,0,1]],[93,[3.0000000000000018,0.42857142857142855,0,1]],[94,[2.9999999999999982,0.8571428571428571,0,1]],[95,[3.0000000000000009,1.2857142857142856,0,1]],[96,[2.9999999999999996,1.7142857142857144,0,1]],[97,[3,2.1428571428571423,0,1]],[98,[3.0000000000000009,2.5714285714285716,0,1]],[99,[3,2.8571428571428559,0,1]],[100,[3,3,0,1]]]},"boundary_loops":[{"loop_type":"outer","trimming_curves":[{"trim_index":0,"curve_direction":true,"parameter_curve":{"is_rational":false,"degree":1,"knot_vector":[0,3],"active_range":[0,3],"control_points":[[0,0,0,1],[3,0,0,1]]}},{"trim_index":1,"curve_direction":true,"parameter_curve":{"is_rational":false,"degree":1,"knot_vector":[0,3],"active_range":[0,3],"control_points":[[3,0,0,1],[3,3,0,1]]}},{"trim_index":2,"curve_direction":true,"parameter_curve":{"is_rational":false,"degree":1,"knot_vector":[0,3],"active_range":[0,3],"control_points":[[3,3,0,1],[0,3,0,1]]}},{"trim_index":3,"curve_direction":true,"parameter_curve":{"is_rational":false,"degree":1,"knot_vector":[0,3],"active_range":[0,3],"control_points":[[0,3,0,1],[0,0,0,1]]}}]}],"embedded_loops":[]}],"edges":[{"brep_id":3,"3d_curve":{"degree":3,"knot_vector":[0,0,0,0.42857142857142855,0.8571428571428571,1.2857142857142856,1.7142857142857144,2.1428571428571428,2.5714285714285716,3,3,3],"active_range":[0,3],"control_points":[[101,[0,0,0,1]],[102,[0,0.14285714285714285,0,1]],[103,[0,0.42857142857142855,0,1]],[104,[0,0.8571428571428571,0,1]],[105,[0,1.2857142857142856,0,1]],[106,[0,1.7142857142857144,0,1]],[107,[0,2.1428571428571423,0,1]],[108,[0,2.5714285714285716,0,1]],[109,[0,2.8571428571428559,0,1]],[110,[0,3,0,1]]]},"topology":[{"face_id":2,"trim_index":0,"relative_direction":true}]},{"brep_id":4,"3d_curve":{"degree":3,"knot_vector":[0,0,0,0.42857142857142855,0.8571428571428571,1.2857142857142856,1.7142857142857144,2.1428571428571428,2.5714285714285716,3,3,3],"active_range":[0,3],"control_points":[[111,[0,3,0,1]],[112,[0.14285714285714285,2.9999999999999978,0,1]],[113,[0.42857142857142855,3.0000000000000018,0,1]],[114,[0.8571428571428571,2.9999999999999982,0,1]],[115,[1.2857142857142856,3.0000000000000009,0,1]],[116,[1.7142857142857144,2.9999999999999996,0,1]],[117,[2.1428571428571423,3,0,1]],[118,[2.5714285714285716,3.0000000000000009,0,1]],[119,[2.8571428571428559,3,0,1]],[120,[3,3,0,1]]]},"topology":[{"face_id":2,"trim_index":1,"relative_direction":true}]},{"brep_id":5,"3d_curve":{"degree":3,"knot_vector":[-3,-3,-3,-2.5714285714285716,-2.1428571428571428,-1.7142857142857144,-1.2857142857142856,-0.85714285714285721,-0.42857142857142838,0,0,0],"active_range":[-3,0],"control_points":[[121,[3,3,0,1]],[122,[3,2.8571428571428559,0,1]],[123,[3.0000000000000009,2.5714285714285716,0,1]],[124,[3,2.1428571428571423,0,1]],[125,[2.9999999999999996,1.7142857142857144,0,1]],[126,[3.0000000000000009,1.2857142857142856,0,1]],[127,[2.9999999999999982,0.8571428571428571,0,1]],[128,[3.0000000000000018,0.42857142857142855,0,1]],[129,[2.9999999999999978,0.14285714285714285,0,1]],[130,[3,0,0,1]]]},"topology":[{"face_id":2,"trim_index":2,"relative_direction":true}]},{"brep_id":6,"3d_curve":{"degree":3,"knot_vector":[-3,-3,-3,-2.5714285714285716,-2.1428571428571428,-1.7142857142857144,-1.2857142857142856,-0.85714285714285721,-0.42857142857142838,0,0,0],"active_range":[-3,0],