{"tolerances":{"model_tolerance":0.001},"version_number":1,"breps":[{"brep_id":1,"faces":[{"brep_id":2,"swapped_surface_normal":false,"surface":{"is_trimmed":true,"is_rational":false,"degrees":[1,1],"knot_vectors":[[0,3],[0,2.8284271247461903]],"control_points":[[1,[1,2,0,1]],[2,[2,2,0,1]],[3,[1,0,0,1]],[4,[4,0,0,1]]]},"boundary_loops":[{"loop_type":"outer","trimming_curves":[{"trim_index":0,"curve_direction":true,"parameter_curve":{"is_rational":false,"degree":3,"knot_vector":[-2.8284271247461903,-2.8284271247461903,-2.8284271247461903,-1.8856180831641272,-1.8856180831641272,-1.8856180831641272],"active_range":[-2.8284271247461903,-1.8856180831641272],"control_points":[[2,2.8284271247461903,0,1],[2.2960679893902913,2.469538525334519,0,1],[2.6249776860193537,2.1606204163765566,0,1],[3,1.8856180831641267,0,1]]}},{"trim_index":1,"curve_direction":true,"parameter_curve":{"is_rational":false,"degree":1,"knot_vector":[1.8856180831641267,2.8284271247461903],"active_range":[1.8856180831641267,2.8284271247461903],"control_points":[[3,1.8856180831641267,0,1],[3,2.8284271247461903,0,1]]}},{"trim_index":2,"curve_direction":true,"parameter_curve":{"is_rational":false,"degree":1,"knot_vector":[0,0.99999999999999956],"active_range":[0,0.99999999999999956],"control_points":[[3,2.8284271247461903,0,1],[2,2.8284271247461903,0,1]]}}]}],"embedded_loops":[]},{"brep_id":3,"swapped_surface_normal":false,"surface":{"is_trimmed":true,"is_rational":false,"degrees":[2,2],"knot_vectors":[[0,0,0.565685424949238,1.131370849898476,1.6970562748477143,2.2627416997969521,2.8284271247461903,2.8284271247461903],[0,0,0.75,1.5,2.25,3,3]],"control_points":[[5,[2,2,0,1]],[6,[1.8,1.8,0,1]],[7,[1.4,1.4,0,1]],[8,[1,1,0,1]],[9,[0.6,0.6,0,1]],[10,[0.19999999999999984,0.19999999999999984,0,1]],[11,[0,0,0,1]],[12,[2.25,2.0000000000000004,0,1]],[13,[2.0625000000000004,1.7999999999999998,0,1]],[14,[1.6875000000000002,1.3999999999999995,0,1]],[15,[1.3125000000000004,1.0000000000000004,0,1]],[16,[0.93749999999999956,0.59999999999999976,0,1]],[17,[0.5625,0.1999999999999999,0,1]],[18,[0.375,0,0,1]],[19,[2.75,2,0,1]],[20,[2.5874999999999995,1.8000000000000005,0,1]],[21,[2.2624999999999993,1.4,0,1]],[22,[1.9375000000000007,1,0,1]],[23,[1.6124999999999992,0.6,0,1]],[24,[1.2875000000000003,0.1999999999999999,0,1]],[25,[1.1250000000000002,0,0,1]],[26,[3.2500000000000004,2,0,1]],[27,[3.1125000000000003,1.7999999999999996,0,1]],[28,[2.8375000000000008,1.4,0,1]],[29,[2.5625000000000004,1,0,1]],[30,[2.2875000000000005,0.6,0,1]],[31,[2.0124999999999993,0.19999999999999984,0,1]],[32,[1.875,0,0,1]],[33,[3.75,2,0,1]],[34,[3.6375000000000015,1.8000000000000005,0,1]],[35,[3.4124999999999988,1.4,0,1]],[36,[3.1875000000000004,1,0,1]],[37,[2.9624999999999995,0.6000000000000002,0,1]],[38,[2.7374999999999994,0.19999999999999979,0,1]],[39,[2.6250000000000004,0,0,1]],[40,[4,2,0,1]],[41,[3.9000000000000004,1.8,0,1]],[42,[3.7000000000000006,1.4,0,1]],[43,[3.5000000000000004,1,0,1]],[44,[3.3,0.6,0,1]],[45,[3.0999999999999996,0.19999999999999984,0,1]],[46,[3,0,0,1]]]},"boundary_loops":[{"loop_type":"outer","trimming_curves":[{"trim_index":3,"curve_direction":true,"parameter_curve":{"is_rational":false,"degree":1,"knot_vector":[0,1.4142135623730949],"active_range":[0,1.4142135623730949],"control_points":[[0,0,0,1],[1.4142135623730949,0,0,1]]}},{"trim_index":7,"curve_direction":true,"parameter_curve":{"is_rational":false,"degree":1,"knot_vector":[1.4142135623730949,2.8284271247461903],"active_range":[1.4142135623730949,2.8284271247461903],"control_points":[[1.4142135623730949,0,0,1],[2.8284271247461903,0,0,1]]}},{"trim_index":4,"curve_direction":true,"parameter_curve":{"is_rational":false,"degree":1,"knot_vector":[0,3],"active_range":[0,3],"control_points":[[2.8284271247461903,0,0,1],[2.8284271247461903,3,0,1]]}},{"trim_index":5,"curve_direction":true,"parameter_curve":{"is_rational":false,"degree":1,"knot_vector":[0,0.94280904158206491],"active_range":[0,0.94280904158206491],"control_points":[[2.8284271247461903,3,0,1],[1.8856180831641252,3,0,1]]}},{"trim_index":8,"curve_direction":true,"parameter_curve":{"is_rational":false,"degree":1,"knot_vector":[0.94280904158206491,2.8284271247461903],"active_range":[0.94280904158206491,2.8284271247461903],"control_points":[[1.8856180831641252,3,0,1],[0,3,0,1]]}},{"trim_index":6,"curve_direction":true,"parameter_curve":{"is_rational":false,"degree":1,"knot_vector":[0,3],"active_range":[0,3],"control_points":[[0,3,0,1],[0,0,0,1]]}}]}],"embedded_loops":[]},{"brep_id":4,"swapped_surface_normal":false,"surface":{"is_trimmed":true,"is_rational":false,"degrees":[2,2],"knot_vectors":[[0,0,1,1],[0,0,0.2857142857142857,0.5714285714285714,0.8571428571428571,1.1428571428571428,1.4285714285714286,1.7142857142857144,2,2]],"control_points":[[47,[0,2,0,1]],[48,[0.5,2,0,1]],[49,[1,2,0,1]],[50,[0,1.8571428571428574,0,1]],[51,[0.50000000000000011,1.8571428571428572,0,1]],[52,[1.0000000000000002,1.8571428571428574,0,1]],[53,[0,1.5714285714285712,0,1]],[54,[0.5,1.5714285714285712,0,1]],[55,[1,1.5714285714285712,0,1]],[56,[0,1.285714285714286,0,1]],[57,[0.5,1.285714285714286,0,1]],[58,[1,1.285714285714286,0,1]],[59,[0,1,0,1]],[60,[0.5,1,0,1]],[61,[1,1,0,1]],[62,[0,0.71428571428571452,0,1]],[63,[0.5,0.71428571428571463,0,1]],[64,[1,0.71428571428571452,0,1]],[65,[0,0.42857142857142855,0,1]],[66,[0.5,0.42857142857142849,0,1]],[67,[1,0.42857142857142855,0,1]],[68,[0,0.14285714285714313,0,1]],[69,[0.5,0.14285714285714313,0,1]],[70,[1,0.14285714285714313,0,1]],[71,[0,0,0,1]],[72,[0.5,0,0,1]],[73,[1,0,0,1]]]},"boundary_loops":[{"loop_type":"outer","trimming_curves":[{"trim_index":9,"curve_direction":true,"parameter_curve":{"is_rational":false,"degree":3,"knot_vector":[1.4142135623730951,1.4142135623730951,1.4142135623730951,2.8284271247461903,2.8284271247461903,2.8284271247461903],"active_range":[1.4142135623730951,2.8284271247461903],"control_points":[[1,1,0,1],[0.66666666666666652,1.3333333333333335,0,1],[0.33333333333333381,1.666666666666667,0,1],[0,2,0,1]]}},{"trim_index":10,"curve_direction":true,"parameter_curve":{"is_rational":false,"degree":1,"knot_vector":[0,2],"active_range":[0,2],"control_points":[[0,2,0,1],[0,0,0,1]]}},{"trim_index":11,"curve_direction":true,"parameter_curve":{"is_rational":false,"degree":1,"knot_vector":[0,1],"active_range":[0,1],"control_points":[[0,0,0,1],[1,0,0,1]]}},{"trim_index":12,"curve_direction":true,"parameter_curve":{"is_rational":false,"degree":1,"knot_vector":[0,1],"active_range":[0,1],"control_points":[[1,0,0,1],[1,1,0,1]]}}]}],"embedded_loops":[]},{"brep_id":5,"swapped_surface_normal":false,"surface":{"is_trimmed":true,"is_rational":false,"degrees":[2,2],"knot_vectors":[[0,0,1.1180339887498949,2.23606797749979,2.23606797749979],[0,0,0.18181818181818182,0.36363636363636365,0.54545454545454541,0.72727272727272729,0.90909090909090917,1.0909090909090908,1.2727272727272727,1.4545454545454546,1.6363636363636362,1.8181818181818181,2,2]],