{"tolerances":{"model_tolerance":0.001},"version_number":1,"breps":[{"brep_id":1,"faces":[{"brep_id":2,"swapped_surface_normal":false,"surface":{"is_trimmed":true,"is_rational":false,"degrees":[2,2],"knot_vectors":[[0,0,0.625,1.25,1.875,2.5,3.125,3.75,4.375,5,5],[0,0,0.66666666666666663,1.3333333333333335,2,2]],"control_points":[[1,[0,5,0,1]],[2,[0.20481429325276815,5,0,1]],[3,[0.77399854178221461,5,0,1]],[4,[1.4995142912235244,5.0000000000000009,0,1]],[5,[2.116812647667127,5.0000000000000009,0,1]],[6,[2.7738410936257867,4.9999999999999991,0,1]],[7,[3.4362416696242004,5.0000000000000009,0,1]],[8,[4.0587783290388639,4.9999999999999991,0,1]],[9,[4.7112593286750224,5,0,1]],[10,[5,5,0,1]],[11,[0,4.6037484909657449,0,1]],[12,[0.23155733723490779,4.3670800407371866,0,1]],[13,[0.56358182358864983,4.8226943549696042,0,1]],[14,[2.2209292147166746,4.4572052708303787,0,1]],[15,[2.474054688770043,4.7332738941630508,0,1]],[16,[2.8842970702012796,4.3340337410990823,0,1]],[17,[3.6231841252090251,4.8518982860054125,0,1]],[18,[4.4980242956545409,4.5236517188868079,0,1]],[19,[4.7103637632289663,4.7657196638002635,0,1]],[20,[5,4.6037484909657449,0,1]],[21,[0,3.9020590034015,0,1]],[22,[0.49460545540433443,4.0251174871169324,0,1]],[23,[0.6258096387840173,4.1815389619791219,0,1]],[24,[2.3418409216534042,3.8149091626745233,0,1]],[25,[2.5259746043720028,3.9530094247134722,0,1]],[26,[2.7630330178599842,3.8227862691216346,0,1]],[27,[4.0253488779377342,3.9727380335761793,0,1]],[28,[4.3906302954328318,4.0402102286420618,0,1]],[29,[4.7099888007364221,4.1318455603086228,0,1]],[30,[5.0000000000000009,3.9020590034015,0,1]],[31,[0,3.2796407557062714,0,1]],[32,[0.507757861312806,3.3017351621510094,0,1]],[33,[0.845792907878546,3.3432195680422434,0,1]],[34,[1.8325612339933057,3.1790228885506804,0,1]],[35,[2.4230294244224275,3.4200296185477157,0,1]],[36,[2.874513360946493,3.1770174761136643,0,1]],[37,[3.0652232466193272,3.3611511588322625,0,1]],[38,[4.5547713740674611,3.4813198300811923,0,1]],[39,[4.7835888202566217,3.2503153678224539,0,1]],[40,[5,3.2796407557062714,0,1]],[41,[0,3,0,1]],[42,[0.20481429325276815,2.9999999999999996,0,1]],[43,[0.77399854178221461,3,0,1]],[44,[1.4995142912235244,3.0000000000000009,0,1]],[45,[2.116812647667127,3,0,1]],[46,[2.7738410936257867,3,0,1]],[47,[3.4362416696242004,3.0000000000000009,0,1]],[48,[4.0587783290388639,3.0000000000000009,0,1]],[49,[4.7112593286750224,3,0,1]],[50,[5,3,0,1]]]},"boundary_loops":[{"loop_type":"outer","trimming_curves":[{"trim_index":0,"curve_direction":true,"parameter_curve":{"is_rational":false,"degree":1,"knot_vector":[0,5],"active_range":[0,5],"control_points":[[0,0,0,1],[5,0,0,1]]}},{"trim_index":1,"curve_direction":true,"parameter_curve":{"is_rational":false,"degree":1,"knot_vector":[0,2],"active_range":[0,2],"control_points":[[5,0,0,1],[5,2,0,1]]}},{"trim_index":2,"curve_direction":true,"parameter_curve":{"is_rational":false,"degree":1,"knot_vector":[0,5],"active_range":[0,5],"control_points":[[5,2,0,1],[0,2,0,1]]}},{"trim_index":3,"curve_direction":true,"parameter_curve":{"is_rational":false,"degree":1,"knot_vector":[0,2],"active_range":[0,2],"control_points":[[0,2,0,1],[0,0,0,1]]}}]}],"embedded_loops":[]}],"edges":[{"brep_id":3,"3d_curve":{"degree":2,"knot_vector":[0,0,0.625,1.25,1.875,2.5,3.125,3.75,4.375,5,5],"active_range":[0,5],"control_points":[[51,[0,5,0,1]],[52,[0.20481429325276815,5,0,1]],[53,[0.77399854178221461,5,0,1]],[54,[1.4995142912235244,5.0000000000000009,0,1]],[55,[2.116812647667127,5.0000000000000009,0,1]],[56,[2.7738410936257867,4.9999999999999991,0,1]],[57,[3.4362416696242004,5.0000000000000009,0,1]],[58,[4.0587783290388639,4.9999999999999991,0,1]],[59,[4.7112593286750224,5,0,1]],[60,[5,5,0,1]]]},"topology":[{"face_id":2,"trim_index":0,"relative_direction":true}]},{"brep_id":4,"3d_curve":{"degree":2,"knot_vector":[0,0,0.66666666666666663,1.3333333333333335,2,2],"active_range":[0,2],"control_points":[[61,[5,5,0,1]],[62,[5,4.6037484909657449,0,1]],[63,[5.0000000000000009,3.9020590034015,0,1]],[64,[5,3.2796407557062714,0,1]],[65,[5,3,0,1]]]},"topology":[{"face_id":2,"trim_index":1,"relative_direction":true}]},{"brep_id":5,"3d_curve":{"degree":2,"knot_vector":[-5,-5,-4.375,-3.75,-3.125,-2.5,-1.875,-1.25,-0.625,0,0],"active_range":[-5,0],"control_points":[[66,[5,3,0,1]],[67,[4.7112593286750224,3,0,1]],[68,[4.0587783290388639,3.0000000000000009,0,1]],[69,[3.4362416696242004,3.0000000000000009,0,1]],[70,[2.7738410936257867,3,0,1]],[71,[2.116812647667127,3,0,1]],[72,[1.4995142912235244,3.0000000000000009,0,1]],[73,[0.77399854178221461,3,0,1]],[74,[0.20481429325276815,2.9999999999999996,0,1]],[75,[0,3,0,1]]]},"topology":[{"face_id":2,"trim_index":2,"relative_direction":true}]},{"brep_id":6,"3d_curve":{"degree":2,"knot_vector":[-2,-2,-1.3333333333333335,-0.66666666666666652,0,0],"active_range":[-2,0],"control_points":[[76,[0,3,0,1]],[77,[0,3.2796407557062714,0,1]],[78,[0,3.9020590034015,0,1]],[79,[0,4.6037484909657449,0,1]],[80,[0,5,0,1]]]},"topology":[{"face_id":2,"trim_index":3,"relative_direction":true}]}]}]}
