{"tolerances":{"model_tolerance":0.001},"version_number":1,"breps":[{"brep_id":1,"faces":[{"brep_id":2,"swapped_surface_normal":false,"surface":{"is_trimmed":true,"is_rational":false,"degrees":[2,2],"knot_vectors":[[0,0,1,2,3,4,5,6,7,8,9,10,10],[0,0,1,2,3,4,5,5]],"control_points":[[1,[0,5,0,1]],[2,[0.5,5,0,1]],[3,[1.5000000000000002,5,0,1]],[4,[2.5000000000000004,5.0000000000000009,0,1]],[5,[3.5000000000000009,5,0,1]],[6,[4.5,5.0000000000000009,0,1]],[7,[5.4999999999999991,5,0,1]],[8,[6.5000000000000009,5.0000000000000009,0,1]],[9,[7.4999999999999982,5,0,1]],[10,[8.5,5,0,1]],[11,[9.5,5,0,1]],[12,[10,5,0,1]],[13,[0,4.5,0,1]],[14,[0.50000000000000022,4.5,0,1]],[15,[1.5000000000000009,4.5000000000000036,0,1]],[16,[2.4999999999999996,4.5,0,1]],[17,[3.5000000000000022,4.5000000000000027,0,1]],[18,[4.5000000000000027,4.5,0,1]],[19,[5.4999999999999991,4.5,0,1]],[20,[6.5000000000000036,4.5,0,1]],[21,[7.4999999999999982,4.4999999999999991,0,1]],[22,[8.5000000000000018,4.5000000000000027,0,1]],[23,[9.5,4.4999999999999991,0,1]],[24,[10,4.5,0,1]],[25,[0,3.5000000000000013,0,1]],[26,[0.49999999999999994,3.5000000000000018,0,1]],[27,[1.5000000000000004,3.5000000000000013,0,1]],[28,[2.5000000000000009,3.4999999999999996,0,1]],[29,[3.5000000000000004,3.5000000000000018,0,1]],[30,[4.5000000000000018,3.5000000000000013,0,1]],[31,[5.5000000000000018,3.5000000000000013,0,1]],[32,[6.5000000000000018,3.5000000000000018,0,1]],[33,[7.5,3.4999999999999991,0,1]],[34,[8.5000000000000036,3.5000000000000022,0,1]],[35,[9.5000000000000036,3.5000000000000009,0,1]],[36,[10.000000000000004,3.5000000000000013,0,1]],[37,[0,2.5,0,1]],[38,[0.49999999999999994,2.5,0,1]],[39,[1.5000000000000004,2.5,0,1]],[40,[2.4999999999999996,2.5000000000000004,0,1]],[41,[3.5000000000000018,2.5,0,1]],[42,[4.5,2.5000000000000004,0,1]],[43,[5.4999999999999991,2.5,0,1]],[44,[6.5000000000000009,2.5000000000000004,0,1]],[45,[7.4999999999999982,2.5,0,1]],[46,[8.5,2.5,0,1]],[47,[9.5,2.5,0,1]],[48,[10,2.5,0,1]],[49,[0,1.4999999999999993,0,1]],[50,[0.49999999999999989,1.5000000000000002,0,1]],[51,[1.5000000000000002,1.4999999999999991,0,1]],[52,[2.5,1.4999999999999993,0,1]],[53,[3.5000000000000027,1.5,0,1]],[54,[4.5000000000000009,1.5,0,1]],[55,[5.5000000000000027,1.5,0,1]],[56,[6.5000000000000027,1.4999999999999993,0,1]],[57,[7.5000000000000036,1.4999999999999991,0,1]],[58,[8.5000000000000036,1.4999999999999991,0,1]],[59,[9.5000000000000036,1.5000000000000002,0,1]],[60,[10,1.4999999999999993,0,1]],[61,[0,0.50000000000000022,0,1]],[62,[0.50000000000000022,0.50000000000000022,0,1]],[63,[1.5000000000000004,0.50000000000000033,0,1]],[64,[2.4999999999999996,0.50000000000000033,0,1]],[65,[3.5000000000000022,0.5,0,1]],[66,[4.5000000000000018,0.5,0,1]],[67,[5.4999999999999991,0.5,0,1]],[68,[6.5000000000000036,0.50000000000000022,0,1]],[69,[7.4999999999999982,0.50000000000000022,0,1]],[70,[8.5000000000000018,0.50000000000000033,0,1]],[71,[9.4999999999999964,0.50000000000000022,0,1]],[72,[10,0.50000000000000022,0,1]],[73,[0,0,0,1]],[74,[0.5,0,0,1]],[75,[1.5000000000000002,0,0,1]],[76,[2.5000000000000004,0,0,1]],[77,[3.5000000000000009,0,0,1]],[78,[4.5,0,0,1]],[79,[5.4999999999999991,0,0,1]],[80,[6.5000000000000009,0,0,1]],[81,[7.4999999999999982,0,0,1]],[82,[8.5,0,0,1]],[83,[9.5,0,0,1]],[84,[10,0,0,1]]]},"boundary_loops":[{"loop_type":"outer","trimming_curves":[{"trim_index":0,"curve_direction":true,"parameter_curve":{"is_rational":false,"degree":1,"knot_vector":[0,10],"active_range":[0,10],"control_points":[[0,0,0,1],[10,0,0,1]]}},{"trim_index":1,"curve_direction":true,"parameter_curve":{"is_rational":false,"degree":1,"knot_vector":[0,5],"active_range":[0,5],"control_points":[[10,0,0,1],[10,5,0,1]]}},{"trim_index":2,"curve_direction":true,"parameter_curve":{"is_rational":false,"degree":1,"knot_vector":[0,10],"active_range":[0,10],"control_points":[[10,5,0,1],[0,5,0,1]]}},{"trim_index":3,"curve_direction":true,"parameter_curve":{"is_rational":false,"degree":1,"knot_vector":[0,5],"active_range":[0,5],"control_points":[[0,5,0,1],[0,0,0,1]]}}]}],"embedded_loops":[]}],"edges":[{"brep_id":3,"3d_curve":{"degree":2,"knot_vector":[0,0,1,2,3,4,5,6,7,8,9,10,10],"active_range":[0,10],"control_points":[[85,[0,5,0,1]],[86,[0.5,5,0,1]],[87,[1.5000000000000002,5,0,1]],[88,[2.5000000000000004,5.0000000000000009,0,1]],[89,[3.5000000000000009,5,0,1]],[90,[4.5,5.0000000000000009,0,1]],[91,[5.4999999999999991,5,0,1]],[92,[6.5000000000000009,5.0000000000000009,0,1]],[93,[7.4999999999999982,5,0,1]],[94,[8.5,5,0,1]],[95,[9.5,5,0,1]],[96,[10,5,0,1]]]},"topology":[{"face_id":2,"trim_index":0,"relative_direction":true}]},{"brep_id":4,"3d_curve":{"degree":2,"knot_vector":[0,0,1,2,3,4,5,5],"active_range":[0,5],"control_points":[[97,[10,5,0,1]],[98,[10,4.5,0,1]],[99,[10.000000000000004,3.5000000000000013,0,1]],[100,[10,2.5,0,1]],[101,[10,1.4999999999999993,0,1]],[102,[10,0.50000000000000022,0,1]],[103,[10,0,0,1]]]},"topology":[{"face_id":2,"trim_index":1,"relative_direction":true}]},{"brep_id":5,"3d_curve":{"degree":2,"knot_vector":[-10,-10,-9,-8,-7,-6,-5,-4,-3,-2,-1,0,0],"active_range":[-10,0],"control_points":[[104,[10,0,0,1]],[105,[9.5,0,0,1]],[106,[8.5,0,0,1]],[107,[7.4999999999999982,0,0,1]],[108,[6.5000000000000009,0,0,1]],[109,[5.4999999999999991,0,0,1]],[110,[4.5,0,0,1]],[111,[3.5000000000000009,0,0,1]],[112,[2.5000000000000004,0,0,1]],[113,[1.5000000000000002,0,0,1]],[114,[0.5,0,0,1]],[115,[0,0,0,1]]]},"topology":[{"face_id":2,"trim_index":2,"relative_direction":true}]},{"brep_id":6,"3d_curve":{"degree":2,"knot_vector":[-5,-5,-4,-3,-2,-1,0,0],"active_range":[-5,0],"control_points":[[116,[0,0,0,1]],[117,[0,0.50000000000000022,0,1]],[118,[0,1.4999999999999993,0,1]],[119,[0,2.5,0,1]],[120,[0,3.5000000000000013,0,1]],[121,[0,4.5,0,1]],[122,[0,5,0,1]]]},"topology":[{"face_id":2,"trim_index":3,"relative_direction":true}]}]}]}
